0.3852,0.18301,0.54517,0.59833,-1
0.065588,0.51554,0.64515,0.39009,-1
0.55455,0.11103,0.21726,0.70368,-1
0.30758,0.11735,0.56861,0.17114,-1
0.52731,0.59381,0.023508,0.39304,-1
0.8032,0.37987,0.36678,0.26727,-1
0.70287,0.13765,0.48554,0.0092053,-1
0.2007,0.1704,0.5854,0.11386,-1
0.96163,0.41947,0.86494,0.78947,1
0.76439,0.32161,0.79922,0.077857,-1
0.2984,0.60738,0.64316,0.83735,1
0.33461,0.29843,0.55604,0.50864,-1
0.80814,0.037875,0.96147,0.51149,1
0.69809,0.90406,0.68465,0.77092,1
0.10989,0.21621,0.80034,0.17626,-1
0.6013,0.76146,0.428,0.30625,-1
0.3152,0.84196,0.33108,0.97024,1
0.73842,0.55817,0.71982,0.622,1
0.074243,0.57825,0.18195,0.49211,-1
0.050096,0.074055,0.93528,0.9905,1
0.065646,0.58108,0.32714,0.077717,-1
0.58065,0.82539,0.61543,0.55628,1
0.53549,0.38414,0.92858,0.64794,1
0.95834,0.75319,0.99023,0.49535,1
0.1363,0.59509,0.7393,0.94372,1
0.28744,0.75985,0.60651,0.8482,1
0.36876,0.00072251,0.61143,0.33284,-1
0.8702,0.05533,0.004841,0.65687,-1
0.38669,0.10113,0.24277,0.27259,-1
0.7135,0.21239,0.18328,0.076599,-1
0.79023,0.79755,0.54287,0.94282,1
0.21677,0.55059,0.5361,0.20372,-1
0.30276,0.94341,0.90315,0.52613,1
0.78698,0.96913,0.062111,0.4641,-1
0.90354,0.73502,0.2147,0.10484,-1
0.38084,0.63142,0.89989,0.54021,1
0.071384,0.46612,0.69373,0.16904,-1
0.13593,0.96727,0.66604,0.97983,1
0.28378,0.99951,0.44626,0.28536,-1
0.31959,0.30366,0.64803,0.82587,1
0.81139,0.41955,0.23233,0.56345,-1
0.79808,0.060787,0.63439,0.83421,1
0.1496,0.72061,0.07428,0.17484,-1
0.10853,0.8575,0.052871,0.10524,-1
0.13695,0.059706,0.19472,0.32873,-1
0.0021616,0.058575,0.13106,0.24488,-1
0.019799,0.26605,0.99413,0.49208,1
0.47908,0.85141,0.1117,0.23322,-1
0.25915,0.0078462,0.97097,0.60251,1
0.23653,0.17612,0.79197,0.48222,-1
0.99839,0.40914,0.89238,0.6616,1
0.84102,0.4352,0.5067,0.934,1
0.25165,0.94531,0.83425,0.41554,1
0.66205,0.94309,0.8271,0.30271,1
0.64929,0.47012,0.58372,0.15485,-1
0.91337,0.76814,0.58117,0.13148,-1
0.25972,0.58886,0.087598,0.66269,-1
0.75607,0.30332,0.13454,0.4004,-1
0.099061,0.10309,0.28032,0.24909,-1
0.72455,0.59856,0.9046,0.95482,1
0.11145,0.69244,0.98247,0.43208,1
0.17822,0.69483,0.69188,0.4094,1
0.3449,0.21848,0.011101,0.398,-1
0.25265,0.68515,0.81629,0.64489,1
0.89642,0.036642,0.24957,0.97605,1
0.96027,0.99482,0.10515,0.0082926,-1
0.95474,0.48445,0.18736,0.49568,-1
0.67419,0.42028,0.49588,0.85101,1
0.9306,0.27783,0.35913,0.56042,-1
0.21743,0.79593,0.38829,0.095517,-1
0.23137,0.89183,0.18766,0.46843,-1
0.17578,0.76791,0.90968,0.10794,-1
0.71074,0.12835,0.96659,0.73709,1
0.85418,0.045828,0.94058,0.27204,-1
0.20417,0.98029,0.10666,0.94803,1
0.50427,0.67617,0.089791,0.30954,-1
0.84655,0.59052,0.31315,0.91907,1
0.065345,0.33524,0.80428,0.57256,1
0.061413,0.57329,0.062265,0.030592,-1
0.68134,0.37472,0.45316,0.24542,-1
0.2091,0.21704,0.60077,0.38665,-1
0.68307,0.36975,0.53424,0.63678,1
0.88673,0.11963,0.70586,0.3748,-1
0.55822,0.21713,0.11744,0.51707,-1
0.78356,0.6205,0.61113,0.10367,-1
0.67069,0.4103,0.26183,0.76202,1
0.81279,0.98907,0.82986,0.14352,1
0.96469,0.70459,0.088023,0.97286,1
0.31414,0.7177,0.78493,0.52868,1
0.95554,0.31986,0.21739,0.54254,-1
0.82963,0.76767,0.10268,0.46756,-1
0.28321,0.33981,0.65286,0.40913,-1
0.91168,0.28631,0.76616,0.93995,1
0.74241,0.26563,0.12843,0.96058,1
0.094464,0.96671,0.85257,0.044667,-1
0.80152,0.45605,0.27265,0.35962,-1
0.012831,0.40189,0.37143,0.26706,-1
0.49753,0.73956,0.067053,0.96424,1
0.10272,0.85352,0.18371,0.80508,1
0.66689,0.7751,0.55009,0.14958,-1
0.50712,0.80903,0.93066,0.041671,1
0.39748,0.0031606,0.72423,0.6519,1
0.38395,0.82211,0.83894,0.081267,-1
0.56046,0.65534,0.35528,0.78281,1
0.11363,0.52301,0.45287,0.88665,1
0.16065,0.69769,0.24083,0.12057,-1
0.61245,0.35801,0.18553,0.70177,-1
0.03036,0.77157,0.56855,0.57578,1
0.071939,0.57156,0.077627,0.12667,-1
0.083671,0.16551,0.18522,0.049371,-1
0.96484,0.17988,0.30618,0.42285,-1
0.94722,0.60246,0.95402,0.25408,1
0.085382,0.20142,0.7948,0.37012,-1
0.28803,0.15926,0.89007,0.65377,1
0.72412,0.20741,0.74311,0.27097,-1
0.57029,0.94833,0.4333,0.89036,1
0.81731,0.335,0.014796,0.50362,-1
0.29031,0.28651,0.042894,0.51437,-1
0.055877,0.26551,0.10239,0.36223,-1
0.49118,0.31228,0.82115,0.79062,1
0.2592,0.78733,0.67485,0.034152,-1
0.13246,0.68516,0.97538,0.01548,-1
0.74288,0.34514,0.99732,0.86063,1
0.39528,0.20304,0.98764,0.015529,-1
0.57263,0.49275,0.9423,0.52814,1
0.030883,0.21087,0.88446,0.22524,-1
0.41413,0.89311,0.91992,0.62326,1
0.34277,0.22463,0.091889,0.86459,-1
0.53833,0.061459,0.34571,0.19931,-1
0.080298,0.87505,0.21,0.811,1
0.75447,0.26059,0.77344,0.52901,1
0.38795,0.05048,0.30745,0.98516,1
0.5847,0.74935,0.30565,0.80926,1
0.011086,0.77092,0.74743,0.92527,1
0.34946,0.044338,0.70653,0.41463,-1
0.92953,0.96254,0.063616,0.66597,1
0.096789,0.73323,0.2589,0.9247,1
0.88423,0.78168,0.82945,0.52125,1
0.94116,0.70563,0.15521,0.32045,-1
0.40729,0.48211,0.83265,0.32695,1
0.66864,0.78981,0.0040623,0.10689,-1
0.5398,0.64923,0.42711,0.82487,1
0.5616,0.86091,0.13336,0.24264,-1
0.53915,0.72406,0.95822,0.6145,1
0.75509,0.28921,0.74459,0.56897,1
0.13885,0.50477,0.54662,0.45215,-1
0.042712,0.38661,0.061194,0.28023,-1
0.73811,0.11632,0.86796,0.10418,-1
0.69547,0.36953,0.89185,0.81472,1
0.62232,0.31474,0.047248,0.9383,1
0.90859,0.4983,0.96448,0.91301,1
0.94512,0.14979,0.42439,0.44602,-1
0.94963,0.47567,0.9773,0.49032,1
0.73922,0.948,0.74139,0.92904,1
0.94514,0.89155,0.56047,0.4,1
0.66522,0.29825,0.25183,0.65386,-1
0.51391,0.48601,0.2452,0.12736,-1
0.55655,0.22265,0.35963,0.88143,1
0.13136,0.26957,0.096626,0.94603,-1
0.073322,0.99777,0.65704,0.31229,1
0.19289,0.087296,0.88281,0.093421,-1
0.93925,0.15503,0.65041,0.65287,1
0.233,0.042759,0.52405,0.077893,-1
0.30292,0.033384,0.037804,0.20491,-1
0.65271,0.3077,0.095128,0.31657,-1
0.73852,0.88361,0.13376,0.60721,1
0.60947,0.23544,0.83777,0.92141,1
0.281,0.93085,0.92424,0.11813,1
0.67663,0.99031,0.2788,0.11701,-1
0.034694,0.88471,0.66588,0.32084,1
0.72244,0.20084,0.04724,0.82403,-1
0.33425,0.26363,0.41903,0.59549,-1
0.1667,0.19215,0.12426,0.59069,-1
0.5827,0.4668,0.43949,0.99203,1
0.14719,0.53354,0.078584,0.49657,-1
0.88322,0.72954,0.41619,0.74489,1
0.55561,0.6256,0.6118,0.4036,1
0.87882,0.13598,0.72565,0.15079,-1
0.033437,0.29102,0.93732,0.064711,-1
0.75757,0.51193,0.63301,0.76814,1
0.52833,0.1965,0.15157,0.36183,-1
0.26713,0.8111,0.55514,0.30775,-1
0.47019,0.8953,0.80685,0.25664,1
0.39002,0.092998,0.035499,0.50214,-1
0.69506,0.39513,0.8273,0.17122,-1
0.15111,0.28731,0.88503,0.16403,-1
0.36777,0.80975,0.79602,0.88588,1
0.36583,0.66261,0.12378,0.84945,1
0.7953,0.36716,0.52175,0.35312,-1
0.70966,0.77958,0.54524,0.17895,-1
0.45959,0.6004,0.51338,0.79365,1
0.14832,0.89766,0.99338,0.5108,1
0.094813,0.62738,0.64879,0.35786,-1
0.83692,0.96252,0.20503,0.29143,-1
0.474,0.23665,0.1799,0.17319,-1
0.21019,0.24307,0.56923,0.032953,-1
0.83715,0.54985,0.57431,0.58464,1
0.02005,0.23768,0.0066301,0.31101,-1
0.98503,0.24339,0.95514,0.62444,1
0.49499,0.51906,0.101,0.21479,-1
0.61187,0.97789,0.11841,0.17448,-1
0.52763,0.69695,0.51374,0.44614,1
0.87875,0.84769,0.088946,0.56456,1
0.19573,0.11194,0.7308,0.19444,-1
0.062598,0.96052,0.14187,0.12429,-1
0.83259,0.68769,0.36064,0.82857,1
0.35494,0.83664,0.83847,0.51171,1
0.68081,0.96306,0.52658,0.394,1
0.52993,0.17695,0.90391,0.47893,1
0.88619,0.70216,0.37878,0.8801,1
0.25326,0.69135,0.70858,0.10312,-1
0.21934,0.637,0.3885,0.23217,-1
0.26107,0.10134,0.70578,0.41058,-1
0.44792,0.8364,0.88137,0.12206,1
0.72529,0.91422,0.21662,0.56303,1
0.61191,0.31802,0.52744,0.25171,-1
0.70976,0.79107,0.12549,0.55684,-1
0.74564,0.63034,0.97575,0.1371,1
0.38375,0.0058668,0.98489,0.09485,-1
0.91744,0.64728,0.6142,0.79825,1
0.70283,0.6371,0.22138,1,1
0.43555,0.61123,0.29217,0.95926,1
0.27269,0.73835,0.61552,0.29281,-1
0.95622,0.99196,0.22035,0.44911,1
0.22497,0.81863,0.008239,0.99207,1
0.96216,0.48429,0.41955,0.66814,1
0.34337,0.30535,0.79863,0.51966,1
0.1846,0.064976,0.967,0.99872,1
0.27732,0.11602,0.66623,0.16901,-1
0.60173,0.68493,0.24133,0.088765,-1
0.37273,0.43495,0.15151,0.41806,-1
0.16668,0.40786,0.52091,0.14878,-1
0.24839,0.54151,0.08416,0.21995,-1
0.34515,0.32343,0.099844,0.14628,-1
0.75106,0.069531,0.36207,0.78863,1
0.87554,0.3606,0.5515,0.055737,-1
0.33366,0.39021,0.25232,0.81149,1
0.90398,0.20603,0.89187,0.12808,-1
0.21824,0.90604,0.211,0.46756,-1
0.92919,0.91911,0.20011,0.10712,-1
0.44532,0.26629,0.47167,0.17503,-1
0.91177,0.39435,0.61722,0.95768,1
0.975,0.45658,0.3289,0.3561,-1
0.98748,0.37673,0.24795,0.76094,1
0.85626,0.69176,0.44348,0.94304,1
0.33994,0.041366,0.10108,0.81698,-1
0.53378,0.27071,0.82544,0.8416,1
0.57371,0.35605,0.59291,0.51436,1
0.58871,0.28123,0.67545,0.62668,1
0.14334,0.11848,0.3099,0.058326,-1
0.17061,0.69725,0.97158,0.17561,1
0.11093,0.69341,0.49778,0.77491,1
0.38546,0.81764,0.11722,0.78593,1
0.75816,0.12009,0.50037,0.064442,-1
0.72679,0.61968,0.032099,0.89883,1
0.052125,0.38605,0.6029,0.80587,1
0.43809,0.49186,0.75293,0.6677,1
0.90355,0.98343,0.95111,0.26019,1
0.96781,0.25086,0.13046,0.40569,-1
0.77765,0.6624,0.77191,0.96346,1
0.59168,0.028786,0.89813,0.12863,-1
0.58504,0.90872,0.052898,0.87368,1
0.2871,0.29715,0.00071647,0.20625,-1
0.9489,0.48641,0.28896,0.19431,-1
0.26847,0.38381,0.043464,0.077031,-1
0.43886,0.03584,0.67712,0.94208,1
0.18078,0.035929,0.1296,0.96856,-1
0.26875,0.2068,0.19627,0.16499,-1
0.62352,0.79594,0.52169,0.56967,1
0.72022,0.013076,0.95549,0.61409,1
0.32453,0.19846,0.42742,0.50514,-1
0.21982,0.13102,0.97904,0.17823,-1
0.007237,0.87435,0.47883,0.36841,-1
0.4551,0.28748,0.18686,0.29123,-1
0.5306,0.58667,0.26799,0.10775,-1
0.77984,0.58633,0.57682,0.95077,1
0.32382,0.94278,0.2521,0.63262,1
0.42855,0.60852,0.51778,0.95087,1
0.48626,0.028193,0.44785,0.60946,-1
0.17798,0.48965,0.59708,0.54997,1
0.65368,0.90491,0.88561,0.8019,1
0.087329,0.65855,0.90511,0.46003,1
0.29691,0.59783,0.64161,0.90042,1
0.82972,0.15055,0.028078,0.51357,-1
0.24727,0.44463,0.43115,0.83933,1
0.10488,0.0032023,0.71729,0.44336,-1
0.51722,0.63133,0.042094,0.22778,-1
0.32022,0.82054,0.41596,0.59946,1
0.88765,0.43844,0.83784,0.11433,-1
0.17369,0.58218,0.14796,0.91602,1
0.39524,0.96003,0.97971,0.92159,1
0.38227,0.74419,0.2383,0.34848,-1
0.28077,0.49689,0.30458,0.78606,1
0.34048,0.0098409,0.76141,0.6958,1
0.63487,0.98279,0.42797,0.46809,1
0.99848,0.68078,0.12612,0.10612,-1
0.31009,0.60116,0.10917,0.27164,-1
0.66033,0.81244,0.87513,0.97905,1
0.40818,0.828,0.03649,0.21873,-1
0.72042,0.49242,0.60189,0.42463,1
0.57954,0.43629,0.86947,0.91584,1
0.11228,0.75283,0.15329,0.28097,-1
0.041935,0.677,0.65911,0.01182,-1
0.0932,0.16894,0.12411,0.72177,-1
0.74058,0.061458,0.28462,0.42199,-1
0.93195,0.22421,0.037232,0.11473,-1
0.5886,0.34641,0.5852,0.19393,-1
0.91577,0.94627,0.60082,0.45545,1
0.46622,0.16333,0.74986,0.947,1
0.91312,0.30009,0.45872,0.93978,1
0.85941,0.057561,0.28452,0.59491,-1
0.15292,0.26797,0.34201,0.84036,1
0.82673,0.74702,0.070972,0.37635,-1
0.2615,0.76168,0.019044,0.033685,-1
0.61555,0.89805,0.045662,0.25794,-1
0.21298,0.69416,0.40472,0.76018,1
0.9725,0.91439,0.97117,0.23006,1
0.22851,0.44542,0.57788,0.95864,1
0.40096,0.40797,0.11397,0.66538,-1
0.94619,0.64579,0.99942,0.30642,1
0.23273,0.47439,0.63917,0.090861,-1
0.37567,0.66938,0.92377,0.91802,1
0.40142,0.63118,0.18631,0.43565,-1
0.25008,0.48149,0.85333,0.50727,1
0.23198,0.29374,0.39969,0.060607,-1
0.39305,0.51619,0.89754,0.70222,1
0.39375,0.96156,0.15277,0.64955,1
0.62927,0.07342,0.067629,0.11653,-1
0.40355,0.86638,0.82804,0.34805,1
0.585,0.32005,0.86322,0.72796,1
0.71108,0.69449,0.29221,0.37236,-1
0.44796,0.35495,0.98815,0.091602,-1
0.45041,0.13685,0.14099,0.67945,-1
0.38647,0.95568,0.67096,0.92468,1
0.39962,0.44348,0.37884,0.18831,-1
0.86339,0.56269,0.85913,0.63942,1
0.55449,0.86289,0.94574,0.47346,1
0.52316,0.77665,0.50648,0.47217,1
0.99317,0.83241,0.40673,0.81366,1
0.67853,0.14562,0.27954,0.95917,1
0.3851,0.052207,0.67925,0.97153,1
0.67883,0.30089,0.27155,0.64323,-1
0.58066,0.12323,0.88935,0.10487,-1
0.60232,0.56385,0.73138,0.060835,-1
0.20724,0.25878,0.31975,0.76543,-1
0.092919,0.68956,0.94114,0.028309,-1
0.65572,0.44982,0.69972,0.2883,-1
0.64069,0.77368,0.20262,0.41318,-1
0.2826,0.72676,0.18467,0.48437,-1
0.98423,0.49608,0.59815,0.40776,1
0.71186,0.85448,0.15381,0.42607,-1
0.87044,0.99567,0.022593,0.084873,-1
0.0099523,0.81841,0.21684,0.047355,-1
0.40855,0.55118,0.40889,0.51846,-1
0.35954,0.51673,0.35432,0.42964,-1
0.5119,0.65679,0.23778,0.0027534,-1
0.84761,0.093417,0.98391,0.82891,1
0.92144,0.61985,0.6382,0.7801,1
0.36481,0.70759,0.27336,0.1054,-1
0.95181,0.34952,0.64189,0.67769,1
0.27264,0.12019,0.51648,0.50204,-1
0.33618,0.78423,0.55473,0.22678,-1
0.80656,0.83854,0.90957,0.66261,1
0.94869,0.94008,0.56885,0.47272,1
0.60771,0.22468,0.032268,0.90543,-1
0.29275,0.020578,0.015001,0.72346,-1
0.96636,0.057542,0.048511,0.54912,-1
0.21455,0.52886,0.91588,0.71267,1
0.34509,0.83937,0.68517,0.8522,1
0.34864,0.50208,0.87827,0.64804,1
0.11602,0.094774,0.83306,0.65249,1
0.81664,0.031926,0.37017,0.54561,-1
0.91015,0.17632,0.67657,0.15756,-1
0.15253,0.1062,0.16744,0.12869,-1
0.48548,0.26264,0.81104,0.57655,1
0.010296,0.58839,0.77662,0.94161,1
0.56815,0.50921,0.27436,0.76726,1
0.32854,0.84405,0.53349,0.40407,1
0.35833,0.11789,0.14777,0.02102,-1
0.3611,0.71408,0.59711,0.25736,-1
0.67878,0.7793,0.92465,0.89812,1
0.59699,0.98893,0.056391,0.034388,-1
0.93641,0.41243,0.54661,0.84754,1
0.61355,0.27322,0.019492,0.89722,-1
0.16584,0.37638,0.86206,0.19756,-1
0.42872,0.36158,0.27578,0.98749,1
0.9889,0.82568,0.8058,0.74209,1
0.7538,0.9813,0.52653,0.025684,-1
0.33675,0.10748,0.51804,0.56824,-1
0.62016,0.67897,0.85502,0.50562,1
0.3115,0.24185,0.90671,0.83659,1
0.70948,0.94268,0.30615,0.48894,1
0.35773,0.51371,0.96289,0.60983,1
0.28334,0.9758,0.54688,0.57346,1
0.1393,0.74536,0.29959,0.15104,-1
0.077354,0.91058,0.3754,0.10419,-1
0.18798,0.63,0.17947,0.32305,-1
0.046786,0.37205,0.046941,0.3563,-1
0.32437,0.79367,0.75693,0.48456,1
0.64642,0.69968,0.64858,0.22216,-1
0.36086,0.74966,0.81618,0.54014,1
0.58273,0.41733,0.017667,0.067733,-1
0.67919,0.45688,0.50232,0.82584,1
0.13727,0.60472,0.11768,0.58906,-1
0.76469,0.023183,0.41482,0.06776,-1
0.22785,0.66902,0.36034,0.69569,1
0.67449,0.20468,0.961,0.73781,1
0.34734,0.64072,0.094488,0.67543,-1
0.71912,0.74381,0.051664,0.74911,1
0.40023,0.52531,0.36962,0.15375,-1
0.34442,0.26182,0.061939,0.58275,-1
0.24284,0.43083,0.12627,0.65097,-1
0.42578,0.16093,0.16527,0.8618,-1
0.82486,0.94211,0.79854,0.65418,1
0.23554,0.71428,0.60465,0.13442,-1
0.072324,0.85745,0.087646,0.33998,-1
0.63743,0.66306,0.045533,0.0097818,-1
0.2006,0.62116,0.0049959,0.53198,-1
0.13267,0.69718,0.33718,0.097235,-1
0.20529,0.97334,0.30714,0.37018,-1
0.86037,0.71515,0.65684,0.0085405,-1
0.58724,0.258,0.55527,0.22709,-1
0.49831,0.71884,0.60119,0.55007,1
0.064951,0.81535,0.21783,0.53899,-1
0.64662,0.42639,0.12412,0.88168,1
0.62351,0.62577,0.44185,0.93225,1
0.41448,0.95618,0.44934,0.89092,1
0.54048,0.63334,0.5147,0.98728,1
0.87223,0.15429,0.53656,0.60227,1
0.79984,0.66159,0.44114,0.44515,1
0.88023,0.13903,0.28658,0.043926,-1
0.48176,0.60104,0.12027,0.65436,-1
0.56031,0.41827,0.43303,0.62833,1
0.299,0.59579,0.32269,0.58044,-1
0.33703,0.4988,0.98778,0.76755,1
0.44004,0.28568,0.040244,0.75611,-1
0.043319,0.25166,0.18194,0.1411,-1
0.27447,0.77068,0.8092,0.13693,-1
0.058649,0.42331,0.075927,0.76127,-1
0.278,0.85597,0.29209,0.94545,1
0.82773,0.58996,0.39999,0.73976,1
0.74244,0.30895,0.74433,0.23647,-1
0.39401,0.5404,0.73003,0.4495,1
0.45015,0.31346,0.98886,0.096216,-1
0.77448,0.543,0.80428,0.59682,1
0.51322,0.041924,0.17535,0.10085,-1
0.10103,0.20294,0.64255,0.57177,-1
0.0041053,0.2827,0.90999,0.90216,1
0.45841,0.64847,0.14239,0.32785,-1
0.83768,0.35778,0.30777,0.58323,-1
0.25999,0.59795,0.99581,0.95802,1
0.60375,0.1451,0.14136,0.73235,-1
0.82002,0.45475,0.094925,0.079491,-1
0.69475,0.87994,0.53874,0.020284,-1
0.50448,0.95245,0.076796,0.11789,-1
0.12493,0.55182,0.6165,0.43432,-1
0.47277,0.030486,0.29505,0.5898,-1
0.89554,0.13571,0.02656,0.22178,-1
0.5584,0.55867,0.30007,0.52297,-1
0.62451,0.6008,0.64099,0.026536,-1
0.27931,0.24863,0.85961,0.22463,-1
0.43001,0.62541,0.50304,0.66373,1
0.31718,0.59143,0.65818,0.7109,1
0.73355,0.21296,0.73211,0.47139,1
0.059751,0.94269,0.076247,0.24414,-1
0.73187,0.9521,0.28596,0.20164,-1
0.96152,0.94007,0.86919,0.59015,1
0.77542,0.49297,0.35585,0.97031,1
0.54545,0.28266,0.1412,0.80317,-1
0.78756,0.92204,0.69849,0.87026,1
0.84196,0.52785,0.74079,0.57456,1
0.15957,0.10952,0.39307,0.47224,-1
0.94144,0.96847,0.092127,0.43952,-1
0.26509,0.77616,0.35281,0.58623,1
0.85182,0.98042,0.41718,0.33705,1
0.71089,0.08855,0.3307,0.053967,-1
0.088426,0.96246,0.0046705,0.82,1
0.42181,0.64263,0.25197,0.93648,1
0.97191,0.7975,0.11503,0.3451,-1
0.44479,0.74105,0.3793,0.63599,1
0.13333,0.10979,0.93626,0.55349,1
0.93958,0.086424,0.40543,0.82184,1
0.81904,0.17664,0.43334,0.49455,-1
0.9302,0.7656,0.76651,0.23902,1
0.9704,0.11296,0.074115,0.089847,-1
0.87627,0.46805,0.28245,0.27767,-1
0.78032,0.18303,0.18578,0.95915,1
0.83099,0.48934,0.29927,0.53169,-1
0.65188,0.057886,0.11497,0.39104,-1
0.5945,0.51181,0.87962,0.37768,1
0.23972,0.19088,0.32198,0.92133,1
0.22197,0.41726,0.65668,0.99435,1
0.60714,0.79369,0.42085,0.56624,1
0.0069121,0.87407,0.063782,0.97739,1
0.027872,0.8123,0.99016,0.52674,1
0.86494,0.1162,0.42082,0.87033,1
0.26784,0.72294,0.64968,0.97017,1
0.47442,0.34884,0.16384,0.12123,-1
0.33441,0.54589,0.48125,0.46543,-1
0.88577,0.47903,0.22469,0.71165,1
0.31791,0.99828,0.87368,0.99768,1
0.1132,0.76065,0.25248,0.82186,1
0.32937,0.6144,0.25909,0.24804,-1
0.82522,0.35036,0.75209,0.61304,1
0.70495,0.35326,0.86769,0.85293,1
0.80158,0.65961,0.40337,0.26054,-1
0.13148,0.22346,0.39888,0.69472,-1
0.43968,0.27702,0.63568,0.37083,-1
0.14051,0.29942,0.53372,0.41939,-1
0.78866,0.98131,0.44304,0.59587,1
0.10524,0.92906,0.76481,0.40468,1
0.98336,0.41897,0.10267,0.68431,-1
0.69798,0.11704,0.66389,0.14658,-1
0.31175,0.66793,0.47468,0.16642,-1
0.39834,0.037622,0.6751,0.86761,1
0.17071,0.59474,0.44567,0.97049,1
0.70571,0.026788,0.67693,0.079779,-1
0.57834,0.21652,0.71036,0.85124,1
0.066519,0.32374,0.69676,0.43609,-1
0.44734,0.21753,0.87911,0.55046,1
0.39133,0.5363,0.40911,0.63537,1
0.26648,0.48957,0.84954,0.68185,1
0.30719,0.78982,0.95183,0.10699,1
0.18543,0.066651,0.48675,0.43414,-1
0.96724,0.78617,0.15413,0.69519,1
0.323,0.54673,0.48629,0.58727,1
0.7243,0.63606,0.17878,0.36834,-1
0.40329,0.61827,0.47921,0.33575,-1
0.84196,0.2278,0.35843,0.50873,-1
0.99419,0.53291,0.17798,0.77681,1
0.3896,0.17401,0.68403,0.53117,-1
0.27321,0.059505,0.32994,0.026116,-1
0.46986,0.096195,0.9039,0.60826,1
0.7117,0.64849,0.80459,0.47151,1
0.43346,0.9901,0.88111,0.82912,1
0.85757,0.73153,0.12919,0.80103,1
0.30083,0.25588,0.88423,0.93973,1
0.38506,0.074455,0.5793,0.26372,-1
0.9025,0.98978,0.20188,0.42789,1
0.72735,0.30822,0.55047,0.36772,-1
0.46182,0.6263,0.47613,0.43423,-1
0.61762,0.98679,0.91401,0.8541,1
0.55348,0.29177,0.53825,0.85942,1
0.51675,0.59099,0.30834,0.37482,-1
0.44768,0.97035,0.90975,0.63049,1
0.95444,0.18989,0.75516,0.91148,1
0.27267,0.68226,0.22695,0.25896,-1
0.90608,0.48017,0.0032682,0.60241,-1
0.71315,0.50648,0.031469,0.25239,-1
0.64856,0.81592,0.42149,0.083297,-1
0.82015,0.9072,0.6443,0.3185,1
0.84768,0.29761,0.93029,0.51891,1
0.67912,0.59647,0.679,0.15105,-1
0.9609,0.84543,0.82503,0.71554,1
0.37468,0.35179,0.12788,0.20435,-1
0.41674,0.74351,0.92399,0.32405,1
0.74884,0.031879,0.85348,0.23605,-1
0.54428,0.15099,0.10245,0.57767,-1
0.43617,0.70163,0.60144,0.21419,-1
0.67174,0.76566,0.93209,0.053245,1
0.64696,0.60394,0.57349,0.21282,-1
0.15454,0.69496,0.0060415,0.031579,-1
0.23644,0.57683,0.45407,0.87323,1
0.21063,0.16266,0.84009,0.42505,-1
0.60712,0.81146,0.5898,0.15553,-1
0.34057,0.67428,0.71939,0.34839,1
0.23863,0.1831,0.55712,0.13261,-1
0.8832,0.0091966,0.1075,0.78197,-1
0.78457,0.15495,0.51648,0.25707,-1
0.94966,0.84052,0.10481,0.14164,-1
0.88928,0.59717,0.61202,0.48415,1
0.070856,0.083992,0.14235,0.51654,-1
0.25864,0.77752,0.18,0.023312,-1
0.32406,0.34787,0.54967,0.2534,-1
0.98833,0.29978,0.0085398,0.61008,-1
0.82427,0.19953,0.12258,0.93499,1
0.072223,0.63163,0.19415,0.83789,1
0.22718,0.78527,0.50677,0.82266,1
0.63986,0.37995,0.1212,0.47513,-1
0.59869,0.24533,0.27849,0.72541,-1
0.71516,0.74149,0.84074,0.99766,1
0.94229,0.078201,0.78211,0.62581,1
0.31319,0.71585,0.38791,0.096945,-1
0.92148,0.4237,0.83762,0.72837,1
0.78162,0.26495,0.25131,0.173,-1
0.8387,0.070223,0.033903,0.45587,-1
0.45473,0.66608,0.62703,0.98664,1
0.42144,0.82069,0.19604,0.47467,-1
0.75496,0.15075,0.66483,0.84159,1
0.86178,0.9622,0.14272,0.91699,1
0.85104,0.5473,0.64564,0.89458,1
0.85728,0.97577,0.035012,0.58642,1
0.86114,0.052644,0.91727,0.45054,1
0.10909,0.29565,0.45795,0.082106,-1
0.37601,0.44678,0.45893,0.38973,-1
0.84772,0.88144,0.87398,0.45798,1
0.76923,0.033633,0.14573,0.19523,-1
0.477,0.6022,0.24032,0.24503,-1
0.36042,0.34268,0.1403,0.40151,-1
0.0021065,0.15796,0.35186,0.66883,-1
0.053858,0.37928,0.25758,0.083137,-1
0.072127,0.75472,0.57164,0.10297,-1
0.21404,0.71581,0.099023,0.74512,-1
0.17072,0.31852,0.71893,0.88641,1
0.18522,0.30211,0.74037,0.79718,1
0.045235,0.39771,0.61341,0.76427,1
0.28393,0.35948,0.19106,0.43514,-1
0.39518,0.89731,0.82719,0.43749,1
0.3871,0.83237,0.15521,0.04467,-1
0.24643,0.56085,0.46386,0.45533,-1
0.9794,0.25343,0.66786,0.31719,-1
0.52596,0.10662,0.16201,0.77102,-1
0.53296,0.63349,0.50184,0.73314,1
0.31687,0.18527,0.22723,0.72656,-1
0.27604,0.14971,0.048558,0.054068,-1
0.028529,0.10864,0.55933,0.86662,1
0.99017,0.45282,0.091722,0.98975,1
0.37781,0.86251,0.96013,0.6466,1
0.46449,0.74387,0.26526,0.26199,-1
0.64455,0.26106,0.48296,0.79602,1
0.13832,0.22673,0.71582,0.826,1
0.21259,0.66703,0.56728,0.50982,1
0.19316,0.086359,0.27828,0.92864,-1
0.89984,0.64726,0.75205,0.64737,1
0.29335,0.46301,0.35598,0.3056,-1
0.73541,0.18904,0.51797,0.12943,-1
0.1254,0.81249,0.79681,0.78512,1
0.34425,0.36522,0.63921,0.67402,1
0.45038,0.90477,0.14927,0.4387,-1
0.12373,0.16773,0.41616,0.028492,-1
0.6952,0.58253,0.036256,0.79281,1
0.31607,0.88194,0.14148,0.25616,-1
0.073048,0.94262,0.42643,0.14588,-1
0.13183,0.029483,0.72429,0.94727,1
0.86013,0.681,0.69052,0.4471,1
0.73794,0.64777,0.1434,0.98316,1
0.17987,0.71755,0.81137,0.17126,-1
0.97531,0.81633,0.33519,0.85065,1
0.27526,0.37454,0.75421,0.6324,1
0.1292,0.7627,0.71275,0.40335,1
0.78653,0.32095,0.7977,0.21926,-1
0.93982,0.5846,0.75957,0.39691,1
0.99337,0.21449,0.57618,0.10683,-1
0.31094,0.61095,0.044782,0.08733,-1
0.32984,0.47426,0.69044,0.10064,-1
0.85136,0.69033,0.56628,0.67468,1
0.73478,0.89918,0.0066544,0.40445,-1
0.4668,0.24363,0.54397,0.39879,-1
0.56179,0.91074,0.18221,0.26687,-1
0.70909,0.74676,0.65736,0.64933,1
0.84016,0.043439,0.53244,0.65887,1
0.48537,0.41958,0.25032,0.53943,-1
0.65186,0.93217,0.083536,0.36154,-1
0.031193,0.2887,0.20985,0.010387,-1
0.26946,0.4531,0.54476,0.10231,-1
0.75991,0.46482,0.067249,0.68416,-1
0.486,0.86305,0.97689,0.66794,1
0.71486,0.42936,0.36645,0.36124,-1
0.2604,0.75208,0.13426,0.24381,-1
0.87114,0.36036,0.49809,0.27321,-1
0.40035,0.37498,0.81382,0.58151,1
0.46093,0.044404,0.007154,0.94265,-1
0.50968,0.4597,0.057732,0.98073,1
0.82897,0.71893,0.84818,0.77734,1
0.83831,0.90388,0.72479,0.48622,1
0.064158,0.26872,0.1836,0.33136,-1
0.99027,0.86596,0.77097,0.1472,1
0.79896,0.56044,0.099671,0.50275,-1
0.66886,0.63267,0.56132,0.6637,1
0.11969,0.34078,0.048523,0.80532,-1
0.76799,0.30238,0.67251,0.25365,-1
0.48912,0.046649,0.91603,0.25193,-1
0.94676,0.079963,0.36209,0.31685,-1
0.43073,0.65598,0.95253,0.42116,1
0.62307,0.58486,0.48325,0.90703,1
0.78019,0.53185,0.90725,0.26519,1
0.99356,0.22427,0.69167,0.76464,1
0.17515,0.96114,0.14481,0.25194,-1
0.62496,0.78916,0.7952,0.01403,-1
0.53057,0.56673,0.39609,0.50988,-1
0.39302,0.2587,0.10412,0.72868,-1
0.29337,0.41289,0.037511,0.59972,-1
0.42821,0.85248,0.88973,0.53529,1
0.93378,0.7943,0.069665,0.13001,-1
0.085937,0.80128,0.18502,0.041609,-1
0.32134,0.26935,0.17438,0.058541,-1
0.0015745,0.78485,0.48075,0.17445,-1
0.3012,0.61321,0.34905,0.91051,1
0.69714,0.2933,0.75634,0.38409,1
0.47741,0.56377,0.67742,0.42083,1
0.0027491,0.4397,0.12736,0.85455,-1
0.34841,0.21394,0.44621,0.090415,-1
0.7598,0.92259,0.58621,0.96666,1
0.24833,0.85989,0.64807,0.9432,1
0.35178,0.71433,0.77985,0.77476,1
0.27027,0.97848,0.18429,0.79303,1
0.91024,0.71771,0.35031,0.35994,-1
0.42403,0.10884,0.099813,0.13936,-1
0.35691,0.54494,0.0047753,0.91994,1
0.70104,0.26504,0.63042,0.19321,-1
0.2928,0.097768,0.44268,0.33891,-1
0.69098,0.45865,0.078629,0.27456,-1
0.13024,0.68216,0.71775,0.60914,1
0.37802,0.83758,0.1628,0.41436,-1
0.43216,0.62185,0.79836,0.54286,1
0.40747,0.76117,0.15217,0.22478,-1
0.67767,0.61698,0.35219,0.34581,-1
0.19691,0.67959,0.31621,0.12551,-1
0.83436,0.15786,0.20027,0.78961,-1
0.75477,0.51447,0.089003,0.5699,-1
0.18474,0.14817,0.46036,0.91584,1
0.96534,0.34841,0.87725,0.001141,-1
0.82844,0.51838,0.13162,0.43268,-1
0.40042,0.62201,0.62566,0.88742,1
0.16105,0.017065,0.7595,0.22349,-1
0.42622,0.71063,0.093667,0.33401,-1
0.41709,0.55637,0.86445,0.67691,1
0.48812,0.70661,0.29501,0.45095,-1
0.056762,0.45757,0.017676,0.86909,-1
0.97669,0.46838,0.70477,0.86724,1
0.37474,0.69375,0.8039,0.98168,1
0.0047066,0.51431,0.64799,0.52498,1
0.21434,0.75878,0.4238,0.72236,1
0.75846,0.13705,0.75004,0.16212,-1
0.081272,0.10516,0.35757,0.93039,1
0.82529,0.19331,0.45075,0.69731,1
0.26881,0.18817,0.33635,0.99536,1
0.045386,0.38423,0.36281,0.068016,-1
0.82968,0.029762,0.84976,0.1953,-1
0.98718,0.48311,0.68927,0.94057,1
0.35988,0.87265,0.55536,0.56888,1
0.10396,0.89032,0.0062491,0.1108,-1
0.59594,0.93373,0.24989,0.47647,1
0.99342,0.099004,0.46338,0.34414,-1
0.76915,0.4856,0.51223,0.57623,1
0.95253,0.14077,0.85851,0.8662,1
0.50942,0.49598,0.73474,0.54384,1
0.84575,0.83703,0.021793,0.49831,-1
0.6951,0.81018,0.30417,0.63448,1
0.51202,0.6399,0.35403,0.76132,1
0.56427,0.25523,0.083698,0.43999,-1
0.33358,0.71497,0.49125,0.2739,-1
0.35539,0.64846,0.73891,0.98287,1
0.37533,0.75417,0.58841,0.44733,1
0.46359,0.57545,0.73052,0.17904,-1
0.38699,0.029123,0.14462,0.97211,-1
0.04749,0.13184,0.68264,0.87154,1
0.65038,0.69557,0.77254,0.96483,1
0.42421,0.92889,0.75847,0.47939,1
0.2854,0.56991,0.14178,0.13361,-1
0.61785,0.68096,0.43362,0.25446,-1
0.36471,0.74048,0.089373,0.51016,-1
0.073369,0.52042,0.24955,0.10957,-1
0.97768,0.48591,0.47625,0.51345,1
0.30459,0.66158,0.26933,0.75243,1
0.74583,0.40446,0.24287,0.40819,-1
0.0052779,0.65195,0.51552,0.88331,1
0.91559,0.58529,0.14745,0.34986,-1
0.28674,0.38967,0.57173,0.45331,-1
0.20616,0.79404,0.60482,0.57564,1
0.33527,0.24351,0.16652,0.98824,1
0.047903,0.067899,0.63508,0.20041,-1
0.31901,0.54988,0.35289,0.023931,-1
0.71145,0.81988,0.17777,0.50745,-1
0.81605,0.48156,0.8463,0.76943,1
0.097678,0.53668,0.93121,0.58538,1
0.3843,0.78329,0.19084,0.21751,-1
0.6359,0.42169,0.43562,0.65623,1
0.14854,0.15197,0.68598,0.055447,-1
0.82039,0.88235,0.33495,0.46368,1
0.4412,0.10252,0.42487,0.89427,1
0.40467,0.59003,0.62409,0.64634,1
0.60068,0.0052441,0.37088,0.53077,-1
0.16854,0.95124,0.21664,0.10786,-1
0.0049017,0.60651,0.13004,0.18425,-1
0.47457,0.22028,0.35292,0.013781,-1
0.2974,0.7517,0.96503,0.9087,1
0.53866,0.15658,0.20864,0.19437,-1
0.5496,0.21801,0.6403,0.67117,1
0.45379,0.083805,0.56196,0.41356,-1
0.79512,0.53428,0.8878,0.90841,1
0.52636,0.44338,0.52967,0.17574,-1
0.97084,0.41611,0.63978,0.72624,1
0.41131,0.45156,0.19309,0.48571,-1
0.80398,0.97658,0.68722,0.29021,1
0.86537,0.26703,0.39986,0.25091,-1
0.59599,0.18667,0.09182,0.37081,-1
0.67688,0.15524,0.15008,0.82153,-1
0.1711,0.1538,0.50456,0.45293,-1
0.47619,0.49579,0.7534,0.50015,1
0.48116,0.66326,0.52517,0.29693,-1
0.48826,0.084297,0.37465,0.34718,-1
0.80021,0.39731,0.70594,0.0010603,-1
0.98284,0.18117,0.44703,0.92437,1
0.64514,0.66188,0.14672,0.68537,1
0.93708,0.58929,0.75645,0.70859,1
0.84511,0.11937,0.48371,0.99196,1
0.84253,0.71729,0.90239,0.62346,1
0.14432,0.061219,0.86319,0.8286,1
0.23515,0.61852,0.93848,0.86475,1
0.61727,0.32501,0.77137,0.39911,1
0.27268,0.93842,0.44912,0.48226,1
0.8908,0.23699,0.0066248,0.66198,-1
0.7963,0.38942,0.21359,0.61999,-1
0.86693,0.89209,0.6857,0.29414,1
0.78215,0.33071,0.068539,0.2472,-1
0.4684,0.93748,0.96761,0.97159,1
0.32204,0.83759,0.83209,0.098189,-1
0.72953,0.13288,0.78079,0.31603,-1
0.2596,0.81574,0.15355,0.44924,-1
0.46179,0.92543,0.076366,0.66161,1
0.83635,0.87674,0.15086,0.59905,1
0.84264,0.045816,0.98468,0.91196,1
0.33177,0.809,0.25572,0.81814,1
0.12781,0.27704,0.51055,0.097775,-1
0.19232,0.94133,0.79147,0.81791,1
0.90777,0.41525,0.9287,0.6455,1
0.12846,0.70677,0.25902,0.1898,-1
0.032727,0.91759,0.25502,0.25112,-1
0.35905,0.042586,0.87216,0.29984,-1
0.12792,0.07426,0.44192,0.39594,-1
0.077067,0.57188,0.066563,0.72755,-1
0.45175,0.7135,0.16159,0.42633,-1
0.78039,0.29898,0.58779,0.097966,-1
0.44349,0.66856,0.71491,0.76909,1
0.40221,0.51323,0.46161,0.51758,-1
0.41332,0.81597,0.5171,0.63451,1
0.51781,0.92802,0.42228,0.61481,1
0.97825,0.067719,0.28531,0.83354,1
0.15926,0.36373,0.63749,0.31924,-1
0.93037,0.24778,0.26904,0.35912,-1
0.93096,0.34699,0.98736,0.67901,1
0.71301,0.61248,0.73657,0.93802,1
0.18609,0.84345,0.73022,0.21198,-1
0.57611,0.88472,0.45865,0.846,1
0.99778,0.96689,0.11915,0.51382,1
0.78373,0.063439,0.11539,0.89762,-1
0.53866,0.91515,0.42135,0.10507,-1
0.95463,0.9428,0.39318,0.67116,1
0.26871,0.57147,0.8358,0.78908,1
0.73113,0.22942,0.035417,0.70991,-1
0.023423,0.17988,0.0054134,0.11414,-1
0.49212,0.3816,0.26416,0.65304,-1
0.69328,0.25389,0.17591,0.88572,1
0.75247,0.81083,0.79946,0.99229,1
0.69011,0.41041,0.56659,0.058311,-1
0.22452,0.8839,0.16891,0.42532,-1
0.80732,0.13377,0.18707,0.75161,-1
0.25641,0.24301,0.12198,0.58199,-1
0.39803,0.57003,0.15908,0.58199,-1
0.50729,0.32156,0.74213,0.23696,-1
0.019183,0.32718,0.5842,0.97769,1
0.27176,0.57486,0.28409,0.99012,1
0.81918,0.91444,0.13572,0.65509,1
0.82321,0.86811,0.85475,0.79565,1
0.98309,0.89229,0.8471,0.97327,1
0.5107,0.66776,0.80296,0.65127,1
0.49149,0.02431,0.019425,0.45562,-1
0.11385,0.16792,0.086967,0.22129,-1
0.29805,0.72335,0.77689,0.36943,1
0.13751,0.2501,0.94779,0.15987,-1
0.78543,0.8663,0.56193,0.88862,1
0.31066,0.22227,0.93258,0.42573,1
0.020537,0.6156,0.78066,0.029417,-1
0.54338,0.61248,0.68424,0.93492,1
0.99124,0.90248,0.94161,0.48528,1
0.67818,0.97868,0.87949,0.0044011,1
0.23267,0.139,0.84413,0.75608,1
0.33685,0.25011,0.25821,0.82233,-1
0.1301,0.88707,0.88154,0.34726,1
0.74001,0.83775,0.84981,0.85074,1
0.79245,0.082237,0.022999,0.042083,-1
0.81661,0.97456,0.26099,0.26256,-1
0.44011,0.54255,0.72265,0.81201,1
0.27321,0.77215,0.58282,0.50881,1
0.42631,0.16577,0.98019,0.71804,1
0.2745,0.80816,0.26268,0.28409,-1
0.037817,0.20079,0.60601,0.98663,1
0.97562,0.56722,0.21637,0.35783,-1
0.065276,0.53019,0.66578,0.65133,1
0.34473,0.62884,0.47624,0.024981,-1
0.11923,0.20531,0.098371,0.31932,-1
0.29765,0.6327,0.13848,0.63068,-1
0.37131,0.51066,0.70438,0.86549,1
0.34703,0.74899,0.96953,0.018441,-1
0.91239,0.052776,0.063776,0.2574,-1
0.90126,0.24117,0.98243,0.44848,1
0.2576,0.11224,0.45965,0.65156,-1
0.73161,0.37017,0.12226,0.92123,1
0.27163,0.70542,0.59823,0.2081,-1
0.19531,0.23781,0.067668,0.65061,-1
0.92172,0.063322,0.47193,0.87581,1
0.23216,0.4008,0.4068,0.00080026,-1
0.942,0.39372,0.24124,0.15372,-1
0.28342,0.25961,0.79053,0.38261,-1
0.81598,0.83957,0.83949,0.14022,1
0.87852,0.86676,0.29016,0.75902,1
0.84359,0.016528,0.24486,0.6123,-1
0.95829,0.22599,0.93786,0.41343,1
0.9645,0.37249,0.99503,0.052751,-1
0.27244,0.10977,0.54933,0.5753,-1
0.20073,0.40548,0.80024,0.15371,-1
0.085202,0.95837,0.82168,0.059083,-1
0.86408,0.51368,0.5919,0.47695,1
0.74542,0.40712,0.90242,0.049125,-1
0.0079124,0.73357,0.26197,0.37822,-1
0.96248,0.90424,0.36303,0.43514,1
0.77002,0.089024,0.54054,0.025702,-1
0.65933,0.968,0.79771,0.75608,1
0.18664,0.18248,0.9773,0.48465,1
0.4189,0.99207,0.046778,0.14694,-1
0.282,0.53523,0.97369,0.31802,1
0.092305,0.14966,0.47819,0.55113,-1
0.36731,0.8412,0.95036,0.66166,1
0.095062,0.86985,0.85191,0.86067,1
0.51923,0.73711,0.02859,0.2725,-1
0.28188,0.56367,0.038732,0.57695,-1
0.15047,0.91142,0.054383,0.61975,-1
0.06103,0.76277,0.2685,0.046799,-1
0.43358,0.37567,0.40041,0.69139,1
0.093919,0.50393,0.74381,0.82212,1
0.44601,0.61023,0.35854,0.2124,-1
0.74905,0.0095925,0.93655,0.51415,1
0.26322,0.15502,0.47674,0.16731,-1
0.53902,0.37343,0.16063,0.91813,1
0.0058325,0.39246,0.067413,0.18868,-1
0.26574,0.36288,0.79129,0.36941,-1
0.62086,0.59606,0.28568,0.12052,-1
0.63948,0.18964,0.77974,0.13346,-1
0.80397,0.80669,0.24336,0.29017,-1
0.51672,0.54128,0.91032,0.30423,1
0.3354,0.25185,0.55318,0.66681,1
0.20584,0.19217,0.98756,0.62074,1
0.43201,0.70326,0.071651,0.41192,-1
0.015963,0.1501,0.86475,0.81956,1
0.99243,0.95988,0.67649,0.93988,1
0.22895,0.32702,0.23873,0.024603,-1
0.44519,0.94165,0.88076,0.38126,1
0.14886,0.45814,0.70754,0.64726,1
0.19583,0.21207,0.68518,0.76503,1
0.93893,0.57664,0.52739,0.13025,-1
0.50173,0.62642,0.54729,0.5028,1
0.56103,0.52954,0.42227,0.79297,1
0.44205,0.53479,0.81747,0.50557,1
0.44391,0.086066,0.082947,0.87657,-1
0.72643,0.068492,0.31394,0.69471,-1
0.98687,0.69289,0.74644,0.82209,1
0.55244,0.19141,0.67011,0.78198,1
0.492,0.7686,0.99555,0.019582,1
0.74866,0.95132,0.29969,0.81822,1
0.21585,0.88574,0.068897,0.29054,-1
0.99109,0.50803,0.98164,0.1959,1
0.6532,0.68068,0.58992,0.47539,1
0.56188,0.91849,0.29369,0.65166,1
0.68844,0.82078,0.37995,0.55666,1
0.00010078,0.64076,0.39659,0.065449,-1
0.66079,0.93431,0.73181,0.60359,1
0.33006,0.080889,0.90766,0.52997,1
0.26959,0.81593,0.40846,0.08259,-1
0.26057,0.17948,0.44282,0.31342,-1
0.031913,0.40902,0.67477,0.3681,-1
0.86298,0.98902,0.90346,0.019403,1
0.69726,0.035713,0.87094,0.60958,1
0.75608,0.42813,0.73773,0.45951,1
0.62264,0.09678,0.3926,0.46302,-1
0.75291,0.9158,0.21562,0.49749,1
0.61617,0.99534,0.45484,0.57904,1
0.25758,0.38626,0.22262,0.39828,-1
0.16871,0.35223,0.68714,0.15478,-1
0.43914,0.2644,0.19931,0.020608,-1
0.31007,0.67525,0.43058,0.30305,-1
0.55026,0.52086,0.59068,0.46961,1
0.75152,0.13625,0.93563,0.17061,-1
0.49596,0.84366,0.036802,0.6385,-1
0.21463,0.23625,0.65619,0.055393,-1
0.7687,0.66791,0.83269,0.60516,1
0.73348,0.34451,0.67651,0.82197,1
0.79328,0.43485,0.033473,0.16847,-1
0.4782,0.20938,0.50059,0.51679,-1
0.87413,0.38049,0.39034,0.69527,1
0.79547,0.408,0.761,0.020793,-1
0.73157,0.080929,0.067216,0.14499,-1
0.99586,0.98873,0.80453,0.87535,1
0.33157,0.86574,0.39239,0.30662,-1
0.49957,0.3108,0.58512,0.41707,-1
0.40978,0.14446,0.74356,0.69696,1
0.30246,0.028911,0.12096,0.71742,-1
0.56415,0.81754,0.89587,0.2964,1
0.52603,0.062802,0.4573,0.94165,1
0.17056,0.84996,0.55053,0.057231,-1
0.0227,0.56394,0.41745,0.39052,-1
0.66177,0.77455,0.30525,0.90976,1
0.62256,0.34613,0.42134,0.66935,1
0.62767,0.98183,0.30438,0.14061,-1
0.4933,0.94213,0.45342,0.24588,-1
0.58712,0.78281,0.37908,0.059473,-1
0.8353,0.90501,0.82855,0.43071,1
0.21908,0.18153,0.94748,0.56628,1
0.7107,0.70084,0.61425,0.47178,1
0.58498,0.60866,0.094657,0.015315,-1
